language,text
English,"Hello, how are you today?"
English,"What's up bro, how's life?"
English,This is a great day for NLP.
English,I am learning machine learning with Python.
English,Can you help me with this problem?
English,The quick brown fox jumps over the lazy dog.
English,I love eating pizza and burgers.
English,Where are you going for vacation?
English,Let's go to the park and play cricket.
English,Artificial intelligence is changing the world.
English,I am feeling very happy today.
English,What is the capital of France?
English,"The weather is so nice, let's go outside."
English,I have a lot of work to finish by evening.
English,"Sharing is caring, they say."
English,"Don't worry, be happy!"
English,Failure is the stepping stone to success.
English,Honesty is the best policy.
English,Practice makes perfect.
English,Knowledge is power.
English,"Hey man, did you see the game last night?"
English,"I'm so tired, I need some coffee."
English,Believe in yourself and you can achieve anything.
English,Dream big and work hard.
English,Life is what happens when you're busy making other plans.
English,"Stay hungry, stay foolish."
English,The only way to do great work is to love what you do.
English,"Focus on the positive, forget the negative."
English,Be kind to everyone you meet.
English,Every cloud has a silver lining.
English,Actions speak louder than words.
English,Better late than never.
English,A journey of a thousand miles begins with a single step.
English,An apple a day keeps the doctor away.
English,Birds of a feather flock together.
English,"Easy come, easy go."
English,Money doesn't grow on trees.
English,"No pain, no gain."
English,There's no place like home.
English,What's the matter with you?
English,Are you okay?
English,Is everything alright?
English,Do you know what I mean?
English,"Exactly, that's what I'm talking about!"
English,I'm not sure about that.
English,I completely agree with you.
English,That's a very good point.
English,I'll think about it.
English,Let me know what you decide.
English,"Check this out, it's awesome!"
English,You're killing it!
English,"No way, that's unbelievable."
English,Can we meet tomorrow morning?
English,How's your family doing?
English,What's the latest news?
English,I'm looking forward to our next meeting.
English,"Everything will be fine, trust me."
English,Take care of yourself.
English,See you soon!
English,Have a wonderful day ahead.
English,It's a pleasure to meet you.
English,How can I improve my skills?
Tamil,"வணக்கம், நீங்கள் எப்படி இருக்கிறீர்கள்?"
Tamil,எப்படி இருக்கீங்க நண்பா?
Tamil,நலம் இன்று மிகவும் நன்றாக இருக்கிறது.
Tamil,நான் பைதான் மூலம் இயந்திர கற்றல் கற்கிறேன்.
Tamil,எனக்கு இந்த பிரச்சனையில் உதவ முடியுமா?
Tamil,வேகமான பழுப்பு நிற நரி சோம்பேறி நாயின் மேல் குதிக்கிறது.
Tamil,எனக்கு பீட்சா மற்றும் பர்கர் சாப்பிட பிடிக்கும்.
Tamil,நீங்கள் விடுமுறைக்கு எங்கே போகிறீர்கள்?
Tamil,பூங்காவிற்குச் சென்று கிரிக்கெட் விளையாடுவோம்.
Tamil,செயற்கை நுண்ணறிவு உலகை மாற்றிக் கொண்டிருக்கிறது.
Tamil,இன்று நான் மிகவும் மகிழ்ச்சியாக உணர்கிறேன்.
Tamil,பிரான்சின் தலைநகரம் எது?
Tamil,"வானிலை மிகவும் நன்றாக இருக்கிறது, வெளியே போவோம்."
Tamil,மாலைக்குள் முடிக்க எனக்கு நிறைய வேலை இருக்கிறது.
Tamil,பகிர்ந்து கொள்வது அக்கறை காட்டுவது என்கிறார்கள்.
Tamil,"கவலைப்படாதே, மகிழ்ச்சியாக இரு!"
Tamil,தோல்வி வெற்றிக்கு ஒரு படிக்கட்டு.
Tamil,நேர்மையே சிறந்த கொள்கை.
Tamil,பயிற்சி முழுமை அளிக்கும்.
Tamil,அறிவே ஆற்றல்.
Tamil,"ஏய் நண்பா, நேற்று இரவு ஆட்டத்தைப் பார்த்தாயா?"
Tamil,"நான் மிகவும் சோர்வாக இருக்கிறேன், எனக்கு கொஞ்சம் காபி வேண்டும்."
Tamil,"உங்களை நம்புங்கள், உங்களால் எதையும் சாதிக்க முடியும்."
Tamil,பெரிதாக கனவு காணுங்கள் மற்றும் கடினமாக உழைக்கவும்.
Tamil,நீங்கள் மற்ற திட்டங்களை வகுப்பதில் பிஸியாக இருக்கும்போது வாழ்க்கை நடக்கிறது.
Tamil,"பசியுடன் இருங்கள், முட்டாள்தனமாக இருங்கள்."
Tamil,"சிறந்த வேலையைச் செய்வதற்கான ஒரே வழி, நீங்கள் செய்வதை நேசிப்பதாகும்."
Tamil,"நேர்மறையில் கவனம் செலுத்துங்கள், எதிர்மறையை மறந்து விடுங்கள்."
Tamil,நீங்கள் சந்திக்கும் அனைவரிடமும் அன்பாக இருங்கள்.
Tamil,ஒவ்வொரு மேகத்திற்கும் ஒரு வெள்ளி கோடு உள்ளது.
Tamil,செயல்கள் வார்த்தைகளை விட சத்தமாக பேசுகின்றன.
Tamil,தாமதமானாலும் பரவாயில்லை.
Tamil,ஆயிரம் மைல் பயணம் ஒரு சிறிய அடியில் தொடங்குகிறது.
Tamil,தினமும் ஒரு ஆப்பிள் மருத்துவரை விலக்கி வைக்கும்.
Tamil,ஒரே மாதிரியான பறவைகள் ஒன்றாகச் சேரும்.
Tamil,எளிதில் வருவது எளிதில் செல்லும்.
Tamil,நேர்மை சிறந்த கொள்கை.
Tamil,பணம் மரத்தில் வளருவதில்லை.
Tamil,வலி இல்லை என்றால் பலன் இல்லை.
Tamil,நீங்கள் எதை உபதேசிக்கிறீர்களோ அதையே கடைப்பிடியுங்கள்.
Tamil,முன்கூட்டியே வருபவர் பலன் பெறுவார்.
Tamil,வீட்டைப் போல இடமில்லை.
Tamil,உனக்கு என்ன ஆச்சு?
Tamil,நீங்கள் நலமாக இருக்கிறீர்களா?
Tamil,எல்லாம் சரியாக இருக்கிறதா?
Tamil,நான் சொல்வது உனக்கு புரிகிறதா?
Tamil,"சரியாகச் சொன்னாய், அதையே தான் நானும் சொல்கிறேன்!"
Tamil,எனக்கு அதில் உறுதியாக தெரியவில்லை.
Tamil,நான் உன்னுடன் முழுமையாக உடன்படுகிறேன்.
Tamil,அது ஒரு நல்ல கருத்து.
Tamil,நான் அதை பற்றி யோசிப்பேன்.
Tamil,நீங்கள் என்ன முடிவு செய்கிறீர்கள் என்று எனக்குத் தெரியப்படுத்துங்கள்.
Tamil,"இதை பாருங்கள், இது அருமையாக இருக்கிறது!"
Tamil,நீங்கள் அசத்துகிறீர்கள்!
Tamil,"முடியவே முடியாது, அது நம்பமுடியாதது."
Tamil,நாளை காலை நாம் சந்திக்கலாமா?
Tamil,உங்கள் குடும்பம் எப்படி இருக்கிறது?
Tamil,சமீபத்திய செய்திகள் என்ன?
Tamil,எங்கள் அடுத்த சந்திப்பை நான் எதிர்பார்த்துக் காத்திருக்கிறேன்.
Tamil,"எல்லாம் சரியாகிவிடும், என்னை நம்புங்கள்."
Tamil,உங்களை கவனித்துக்கொள்ளுங்கள்.
Tamil,விரைவில் சந்திப்போம்!
Tamil,இனிய நாள் அமையட்டும்.
Tamil,உங்களை சந்தித்ததில் மகிழ்ச்சி.
Tamil,எனது திறமைகளை நான் எவ்வாறு மேம்படுத்துவது?
Hindi,"नमस्ते, आप आज कैसे हैं?"
Hindi,"क्या चल रहा है भाई, जीवन कैसा है?"
Hindi,एनएलपी के लिए यह एक शानदार दिन है।
Hindi,मैं पायथन के साथ मशीन लर्निंग सीख रहा हूँ।
Hindi,क्या आप इस समस्या में मेरी मदद कर सकते हैं?
Hindi,तेज़ भूरी लोमड़ी आलसी कुत्ते के ऊपर से कूद गई।
Hindi,मुझे पिज्जा और बर्गर खाना बहुत पसंद है।
Hindi,आप छुट्टियों के लिए कहाँ जा रहे हैं?
Hindi,चलो पार्क चलते हैं और क्रिकेट खेलते हैं।
Hindi,आर्टिफिशियल इंटेलिजेंस दुनिया को बदल रहा है।
Hindi,आज मैं बहुत खुश महसूस कर रहा हूँ।
Hindi,फ्रांस की राजधानी क्या है?
Hindi,"मौसम बहुत अच्छा है, चलो बाहर चलते हैं।"
Hindi,मेरे पास शाम तक खत्म करने के लिए बहुत सारा काम है।
Hindi,"साझा करना देखभाल करना है, वे कहते हैं।"
Hindi,"चिंता मत करो, खुश रहो!"
Hindi,असफलता सफलता की सीढ़ी है।
Hindi,ईमानदारी सबसे अच्छी नीति है।
Hindi,अभ्यास परिपूर्ण बनाता है।
Hindi,ज्ञान ही शक्ति है।
Hindi,"अरे यार, क्या तुमने कल रात का मैच देखा?"
Hindi,"मैं बहुत थक गया हूँ, मुझे कुछ कॉफी चाहिए।"
Hindi,अपने आप पर विश्वास रखें और आप कुछ भी हासिल कर सकते हैं।
Hindi,बड़े सपने देखें और कड़ी मेहनत करें।
Hindi,जब आप अन्य योजनाएँ बनाने में व्यस्त होते हैं तो जीवन घटित होता है।
Hindi,"भूखे रहो, मूर्ख रहो।"
Hindi,शानदार काम करने का एकमात्र तरीका यह है कि आप जो करते हैं उसे पसंद करें।
Hindi,"सकारात्मक पर ध्यान दें, नकारात्मक को भूल जाएं।"
Hindi,आप जिससे भी मिलें उसके प्रति दयालु रहें।
Hindi,हर बादल में एक आशा की किरण होती है।
Hindi,शब्दों से ज़्यादा काम बोलते हैं।
Hindi,देर आए दुरुस्त आए।
Hindi,हजार मील की यात्रा एक कदम से शुरू होती है।
Hindi,रोज एक सेब डॉक्टर को दूर रखता है।
Hindi,एक जैसे लोग एक साथ रहते हैं।
Hindi,आसानी से मिला हुआ आसानी से चला जाता है।
Hindi,ईमानदारी सबसे अच्छी नीति है।
Hindi,पैसा पेड़ों पर नहीं उगता।
Hindi,बिना कष्ट के फल नहीं मिलता।
Hindi,जो उपदेश देते हैं वही करें।
Hindi,जल्दी आने वाले को फायदा मिलता है।
Hindi,घर जैसा कोई स्थान नहीं है।
Hindi,तुम्हें क्या हुआ है?
Hindi,क्या तुम ठीक हो?
Hindi,क्या सब कुछ ठीक है?
Hindi,क्या तुम समझ रहे हो कि मेरा क्या मतलब है?
Hindi,"बिल्कुल, मैं भी यही कह रहा हूँ!"
Hindi,मुझे इसके बारे में यकीन नहीं है।
Hindi,मैं पूरी तरह से आपसे सहमत हूँ।
Hindi,यह एक बहुत अच्छा बिंदु है।
Hindi,मैं इसके बारे में सोचूँगा।
Hindi,मुझे बताएं कि आप क्या निर्णय लेते हैं।
Hindi,"इसे देखो, यह बहुत बढ़िया है!"
Hindi,तुम बहुत अच्छा कर रहे हो!
Hindi,"नहीं यार, यह अविश्वसनीय है।"
Hindi,क्या हम कल सुबह मिल सकते हैं?
Hindi,आपका परिवार कैसा है?
Hindi,ताज़ा ख़बरें क्या हैं?
Hindi,मैं हमारी अगली मुलाकात का इंतज़ार कर रहा हूँ।
Hindi,"सब कुछ ठीक हो जाएगा, मुझ पर विश्वास करो।"
Hindi,अपना ख्याल रखें।
Hindi,जल्द ही फिर मिलेंगे!
Hindi,आपका दिन मंगलमय हो।
Hindi,आपसे मिलकर खुशी हुई।
Hindi,मैं अपने कौशल में सुधार कैसे कर सकता हूँ?
